Employee_ID,F_name,M_name,L_name,Password,Job_Position,Branch_ID
1,Gustav,Man,Jean,GAp8oUnQe1,Clerk,1
2,Dora,Grace,Cars,FygqNBPS,Manager,3
3,Paula,Andris,Whitewood,7PioCAE7NP24,Clerk,8
4,Derk,Shamus,Steward,fpM9uh,Accountant,4
5,Tades,Nilson,Akitt,SJ0f6TRK,Clerk,7
6,Missy,Vladamir,Espadater,2IETN6If,Clerk,5
7,Thom,Basile,Titford,TIqLkHP,Clerk,9
8,Dorolisa,Rolfe,Orhrt,QVJOFpNU,Manager,2
9,Vincent,Orson,Trahearn,u1XeQBm3p,Clerk,10
10,Katlin,Denis,Tolumello,d1GQOeqOG,Manager,2
11,Lura,Pat,McCahey,DV9xvtoS8gi5,Clerk,5
12,Janot,Vanya,Gipp,L2ELJE2NFrUN,Accountant,8
13,Arlee,Calhoun,Petruszka,zGl0HGdT0yf,Accountant,5
14,Marita,Hamish,Andrick,VHpvE9JhkUtj,Accountant,7
15,Dunstan,Vaclav,Pleven,72jxqTlEu55,Manager,9
16,Iver,Willi,Kernermann,60YkI2,Accountant,5
17,Adelice,Silvester,Roydon,6csf1y5TRhY,Manager,10
18,Brinna,Leigh,Millican,rp1HZK,Accountant,1
19,Hercule,Gardy,Sperring,97RnSG,Accountant,10
20,Niki,Foss,Anning,cfzB9hgeR,Clerk,9
21,Dieter,Ramon,Kelemen,VvkFXu6ThEM,Clerk,9
22,Arielle,Drugi,Lunbech,RhVDbg4F,Manager,3
23,Rora,Brad,Goodley,fV12p4,Clerk,7
24,Leone,Andrej,Dennant,zeclNRI7vJ4,Accountant,7
25,Winnifred,Freeman,Lalley,8BJIyvuBwvS1,Clerk,6
26,Rikki,Felic,Penn,43o9eF8P5IK,Accountant,1
27,Orv,Hoyt,Scahill,p8mMlp5,Accountant,2
28,Elinore,Oswell,Durnford,4AJARc1K,Manager,7
29,Daphne,Jamaal,Lampl,XM0EgmE,Clerk,10
30,Virgie,Pierre,Bellson,7SrBZLTRF7,Accountant,7
31,Verena,Arch,Tolworthie,nPF6OuDMB,Accountant,4
32,Isabelle,Felicio,Boothe,1GPd26M2omV,Manager,4
33,Olwen,Murdoch,Probate,KJsNN5aYu,Clerk,2
34,Adolphus,Sutherlan,Roddam,4OcX7Frr,Accountant,9
35,Arabele,Shep,Broadbury,HVeigELMOtCD,Manager,1
36,Benedicto,Lance,Costard,qQxNF6,Manager,2
37,Berny,Christy,Woodworth,7c9Q4zl,Accountant,1
38,Lindsey,Frederic,Duncanson,0mhSh6Vmb,Manager,1
39,Kassie,Bastian,Keerl,EHRL2dEu,Clerk,7
40,Rayshell,Barthel,Canedo,heIHw7mFlE,Accountant,5
41,Aindrea,Tito,Andreix,DgMLsd,Manager,9
42,Roseann,Brendon,Kupka,kKOnT4q,Clerk,3
43,Claretta,Jethro,Fernehough,vqqeAYdM,Clerk,3
44,Phyllida,Calv,Towsey,nB32dH,Accountant,7
45,Cathrin,Murdoch,Allot,UzuftI,Accountant,6
46,Sarena,Nickolas,Wolfart,WsNeRetC0iRT,Clerk,2
47,Lulita,Kim,Tukesby,WQndcRHvrZXG,Manager,2
48,Ethelda,Lowrance,Tribbeck,lZQlQzk,Manager,4
49,Rena,Stefan,Dockrell,MoqznPc9kE14,Accountant,7
50,Brocky,Pepito,Spoward,7wS0r3wM,Accountant,3
51,Payton,Tucky,McTague,3Gxhn6,Clerk,8
52,Angelia,Boyd,Chesswas,CcpyW75NDjD,Clerk,2
53,Gabriellia,Kit,Vennart,VlWqy6eqF,Accountant,9
54,Elbertine,Kenon,Lambdean,LEvwGjYIs1r,Accountant,8
55,Alick,Arther,Fury,MEpQNQ,Manager,2
56,Johannah,Jeromy,Kinkaid,FCfBJ4qnZ,Manager,7
57,Griffith,Levey,Leathers,zQYQal,Accountant,1
58,Talyah,Hermy,Burdin,xVOXNYH,Clerk,6
59,Auroora,Stearne,Kinsman,DRGuMYHOjb,Manager,8
60,Kinna,Zollie,Dakhno,blVc65v,Manager,3
61,Arabela,Barde,Berk,ijos4cAUp,Driver,7
62,Sammy,Roddy,Byng,IrOWGq,Driver,5
63,Sybilla,Jaimie,Jeffree,6p9PCOVM,Driver,2
64,Veronika,Hyman,Arghent,8hbJf3,Driver,3
65,Maxie,Jo,De Cristoforo,oGbIiDzh0R,Driver,10
66,Barbey,Warden,Abden,tWaF1tsGp,Driver,3
67,Toinette,Byrom,Wheatman,NQWtVC,Driver,7
68,Bruis,Darbee,Strathe,j8luIuh6,Driver,8
69,Kip,Cy,Gittens,tbAXA4WoKW,Driver,6
70,Lindsay,Brennan,McKeown,jz0xw1,Driver,5
71,Lesya,Rudolph,Brand,wpYGvS,Driver,10
72,Tobye,Dru,Tinkham,LRQWgWkzRC,Driver,1
73,Beltran,Lars,Ashbrook,pU9Z7ZLq,Driver,3
74,Otis,Hilly,Cromley,zpj2Xcpza,Driver,4
75,Calvin,Fielding,Buff,EX8D6FOYE,Driver,9
76,Ambur,Huntlee,Hockell,97BHtIoF,Driver,8
77,Keven,Giuseppe,Meigh,KFTI09v56um0,Driver,2
78,Carey,Markus,Minall,viVDxu4B7W,Driver,4
79,Merill,Alexandre,Somerton,bQG08ZEd8E,Driver,2
80,Gertruda,Isadore,Greyes,XWYpeVvLOIu,Driver,3
